analyte_lab_code,analyte_lab_name,analyte_read_code,analyte_result_measurement,analyte_result_units,analyte_result_date,Reference Range,specimen_code,specimen_taken_date,specimen_received_date,requestor_organisation_name,requestor_organisation_code,requestor_name,requestor_registration_code,requestor_comments_Line1,Reason For Req Line2,Reason For Req Line3,requestor_order_set,Order Code Description
HCT,Haematocrit,4258.,0.398,,,0.40{0.50,,2015-01-02,,,P81049,,,,,,,
PLAT,Platelets,42P..,196,,,140{400,,2015-01-02,,,P81047,,,,,,,
TP,Total Protein,44M3.,60,,,60{80,,2015-01-02,,,P81049,,,,,,,
MCV,Mean Cell Volume,42A..,90.1,,,80{98,,2015-01-02,,,P81046,,,,,,,
TTG,Anti-Tissue Transglutaminase =,,NEG,,,,,2015-01-02,,,P81046,,,,,,,
ALKP,Alkaline Phosphatase,,71,,,30{130,,2015-01-02,,,P81049,,,,,,,
LDL,LDL-Cholesterol,44P6.,3.0,,,,,2015-01-02,,,P81048,,,,,,,
TSH,Thyroid stimulating Hormone,442W.,3.7,,,0.35{4.5,,2015-01-02,,,P81048,,,,,,,
MPV,Mean Platelet Volume,42Z5.,10.8,,,9.2{12.9,,2015-01-02,,,P81049,,,,,,,
BASOS,Basophils,42L..,0.00,,,0.0{0.1,,2015-01-02,,,P81048,,,,,,,
CRE,Creatinine,44J3.,57,,,62{106,,2015-01-02,,,P81048,,,,,,,
CRE,Creatinine,44J3.,87,,,44{80,,2015-01-02,,,P81047,,,,,,,
CPOT,Corrected K,,4.2,,,,,2015-01-02,,,P81048,,,,,,,
CA,Calcium,44I8.,2.39,,,2.10{2.55,,2015-01-02,,,P81049,,,,,,,
ALKP,Alkaline Phosphatase,,86,,,30{130,,2015-01-02,,,P81046,,,,,,,
PLAT,Platelets,42P..,225,,,140{400,,2015-01-02,,,P81046,,,,,,,
MCH,Mean Cell Haemoglobin,428..,30.3,,,28{33,,2015-01-02,,,P81048,,,,,,,
TP,Total Protein,44M3.,69,,,60{80,,2015-01-02,,,P81046,,,,,,,
TSH,Thyroid stimulating Hormone,442W.,1.5,,,0.35{4.5,,2015-01-05,,,P81048,,,,,,,
MPV,Mean Platelet Volume,42Z5.,11.1,,,9.4{12.2,,2015-01-05,,,P81048,,,,,,,
SPPH,pH,,8.0,,,7.2{14.0,,2015-01-05,,,P81047,,,,,,,
