patient_age,analyte_lab_code,analyte_lab_name,analyte_read_code,analyte_result_measurement,analyte_result_units,analyte_result_date,Reference Range,specimen_code,specimen_taken_date,specimen_received_date,requestor_organisation_name,requestor_organisation_code,requestor_name,requestor_registration_code,requestor_comments_Line1,Reason For Req Line2,Reason For Req Line3,requestor_order_set,Order Code Description
33,TP,Total Protein,44M3.,71,,,60{80,,2015-03-31,,,P81047,,,,,,,
33,PLAT,Platelets,42P..,240,,,140{400,,2015-03-31,,,P81046,,,,,,,
33,BASOS,Basophils,42L..,0.00,,,0.02{0.12,,2015-03-31,,,P81048,,,,,,,
33,MCRAT,Albumin:Creatinine Ratio,,16.0,,,0{2.5,,2015-03-31,,,P81047,,,,,,,
33,HBA1C,HBA1c (IFCC),42W5.,45,,,,,2015-04-01,,,P81047,,,,,,,
33,EOS,Eosinophils,42K..,0.20,,,0.0{0.4,,2015-04-01,,,P81049,,,,,,,
33,IG,Immature Granulocytes,,0.0,,,,,2015-04-01,,,P81046,,,,,,,
33,HCT,Haematocrit,4258.,0.390,,,0.40{0.50,,2015-04-01,,,P81048,,,,,,,
33,MCH,Mean Cell Haemoglobin,428..,28.0,,,28{33,,2015-04-01,,,P81046,,,,,,,
33,PT,Prothrombin Time,42Q5.,13.7,,,1.0{15.0,,2015-04-01,,,P81049,,,,,,,
33,K,Potassium,44I4.,4.2,,,3.5{5.3,,2015-04-01,,,P81048,,,,,,,
33,RBC,Red Cells,426..,5.2,,,4.5{5.6,,2015-04-01,,,P81047,,,,,,,
33,HBA1C,HBA1c (IFCC),42W5.,47,,,,,2015-04-01,,,P81049,,,,,,,
33,BASOS,Basophils,42L..,0.00,,,0.0{0.1,,2015-04-01,,,P81048,,,,,,,
33,MPV,Mean Platelet Volume,42Z5.,11.0,,,9.4{12.2,,2015-04-01,,,P81046,,,,,,,
33,RBC,Red Cells,426..,4.8,,,3.9{5.1,,2015-04-01,,,P81048,,,,,,,
33,LYMPH,Lymphocytes,,0.8,,,1.0{3.4,,2015-04-01,,,P81048,,,,,,,
33,HB2,Haemoglobin,423..,162,,,120{155,,2015-04-01,,,P81049,,,,,,,
33,ALT,Alanine Transaminase,,36,,,10{36,,2015-04-01,,,P81049,,,,,,,
33,HB2,Haemoglobin,423..,129,,,120{155,,2015-04-01,,,P81049,,,,,,,
33,RBC,Red Cells,426..,3.9,,,3.9{5.1,,2015-04-01,,,P81046,,,,,,,
