analyte_lab_code,analyte_lab_name,analyte_read_code,analyte_result_measurement,analyte_result_units,analyte_result_date,Reference Range,specimen_code,specimen_taken_date,specimen_received_date,requestor_organisation_name,requestor_organisation_code,requestor_name,requestor_registration_code,requestor_comments_Line1,Reason For Req Line2,Reason For Req Line3,requestor_order_set,Order Code Description
MCHC1,Mean Cell Haemoglobin Conc,429..,282,,,320{350,,2015-06-30,,,P81046,,,,,,,
CPOT,Corrected K,,4.0,,,,,2015-06-30,,,P81046,,,,,,,
HBA1C,HBA1c (IFCC),42W5.,42,,,,,2015-06-30,,,P81049,,,,,,,
CHOL,Cholesterol,44P..,7.0,,,,,2015-07-01,,,P81048,,,,,,,
ALT,Alanine Transaminase,,12,,,10{41,,2015-07-01,,,P81049,,,,,,,
NA,Sodium,44I5.,139,,,133{146,,2015-07-01,,,P81048,,,,,,,
K,Potassium,44I4.,4.1,,,3.5{5.3,,2015-07-01,,,P81048,,,,,,,
GLOB,Globulin,44M5.,23,,,18{36,,2015-07-01,,,P81047,,,,,,,
ALB,Albumin,44M4.,50,,,35{50,,2015-07-01,,,P81048,,,,,,,
WBC,White Cells,42H..,3.4,,,3.6{9.2,,2015-07-01,,,P81046,,,,,,,
CC,Adjusted Calcium,44IC.,2.41,,,2.10{2.55,,2015-07-01,,,P81047,,,,,,,
ALT,Alanine Transaminase,,33,,,10{41,,2015-07-01,,,P81049,,,,,,,
K,Potassium,44I4.,4.2,,,3.5{5.3,,2015-07-01,,,P81047,,,,,,,
TP,Total Protein,44M3.,67,,,60{80,,2015-07-01,,,P81048,,,,,,,
TP,Total Protein,44M3.,73,,,60{80,,2015-07-01,,,P81046,,,,,,,
HDLC,HDL-Cholesterol,44P5.,1.8,,,0.9{1.8,,2015-07-01,,,P81047,,,,,,,
BASOS,Basophils,42L..,0.00,,,0.0{0.1,,2015-07-01,,,P81049,,,,,,,
MONOS,Monocytes,42N..,0.50,,,0.2{0.8,,2015-07-01,,,P81049,,,,,,,
CA,Calcium,44I8.,2.36,,,2.10{2.55,,2015-07-01,,,P81046,,,,,,,
LDL,LDL-Cholesterol,44P6.,1.2,,,,,2015-07-01,,,P81047,,,,,,,
HCT,Haematocrit,4258.,0.395,,,0.40{0.50,,2015-07-01,,,P81046,,,,,,,
