patient_age,analyte_lab_code,analyte_lab_name,analyte_read_code,analyte_result_measurement,analyte_result_units,analyte_result_date,Reference Range,specimen_code,specimen_taken_date,specimen_received_date,requestor_organisation_name,requestor_organisation_code,requestor_name,requestor_registration_code,requestor_comments_Line1,Reason For Req Line2,Reason For Req Line3,requestor_order_set,Order Code Description
100,RBC,Red Cells,426..,4.7,,,4.5{5.6,,2015-09-30,,,P81049,,,,,,,
100,GFR,eGFR,451E.,89,,,,,2015-09-30,,,P81048,,,,,,,
100,RBC,Red Cells,426..,5.0,,,4.2{5.6,,2015-09-30,,,P81048,,,,,,,
100,GFR,eGFR,451E.,64,,,,,2015-10-01,,,P81047,,,,,,,
100,IG,Immature Granulocytes,,0.0,,,,,2015-10-01,,,P81049,,,,,,,
100,GFR,eGFR,451E.,83,,,,,2015-10-01,,,P81047,,,,,,,
10,NEUTS,Neutrophils,42J..,3.0,,,1.7{6.2,,2015-10-01,,,P81047,,,,,,,
10,GFR,eGFR,451E.,>90,,,,,2015-10-01,,,P81049,,,,,,,
10,MONOS,Monocytes,42N..,0.40,,,0.2{0.8,,2015-10-01,,,P81048,,,,,,,
10,TP,Total Protein,44M3.,68,,,60{80,,2015-10-01,,,P81046,,,,,,,
10,LYMPH,Lymphocytes,,1.2,,,1.0{3.4,,2015-10-01,,,P81047,,,,,,,
10,LYMPH,Lymphocytes,,2.5,,,1.0{3.4,,2015-10-01,,,P81049,,,,,,,
10,MCH,Mean Cell Haemoglobin,428..,28.6,,,28{33,,2015-10-01,,,P81047,,,,,,,
10,RDW,RBC Distribution Width,,24.7,,,12.0{14.7,,2015-10-01,,,P81046,,,,,,,
10,HB2,Haemoglobin,423..,150,,,130{175,,2015-10-01,,,P81046,,,,,,,
10,CRE,Creatinine,44J3.,85,,,44{80,,2015-10-01,,,P81046,,,,,,,
10,CRE,Creatinine,44J3.,72,,,44{80,,2015-10-01,,,P81049,,,,,,,
50,TSH,Thyroid stimulating Hormone,442W.,2.7,,,0.35{4.5,,2015-10-01,,,P81049,,,,,,,
50,NA,Sodium,44I5.,139,,,133{146,,2015-10-01,,,P81049,,,,,,,
50,WBC,White Cells,42H..,7.5,,,3.6{9.2,,2015-10-01,,,P81049,,,,,,,
50,PV,Plasma Viscosity,42B..,1.62,,,1.48{1.72,,2015-10-01,,,P81049,,,,,,,
