LaboratoryRequisitionNumber,TestOrderDate,TestDate,TestOrderCode,TestLibraryDescription,TestOrderPanelCode,TestOrderPanelName,TestResultCode,TestResultName,TestResult,SpecialtyCode,SpecialtyName,SourceCode,PracticeCode,SourceName,RequestorCode,RequestorName,SiteCode,SiteName,PatientCode,PatientDOB,PatientGender,PriorityClassification,PriorityCode,Priority
1,2018-02-20 00:00:00,2018-02-20 15:53:00,UPCR,URINE PROTEIN/CREATININE, , ,PCR,Urine protein/creatinine ratio,23,600,General Practitioner,CAGVS,L82044,CAMBORNE GPP VEOR SURGERY,,,REF,Royal Cornwall Hospital,1,01-1965,F,,N,Normal
1,2018-02-20 00:00:00,2018-02-20 15:53:00,UPCR,URINE PROTEIN/CREATININE, , ,PCR,Urine protein/creatinine ratio,Urine protein below detection limit of assay:,600,General Practitioner,CAGVS,L82044,CAMBORNE GPP VEOR SURGERY,,,REF,Royal Cornwall Hospital,2,01-1965,M,,N,Normal
1,2018-02-20 00:00:00,2018-02-20 15:53:00,PVAS,POST VASECTOMY SEMEN, , ,PVAR,Result,No spermatozoa seen in this specimen,600,General Practitioner,CAGVS,L82044,CAMBORNE GPP VEOR SURGERY,,,REF,Royal Cornwall Hospital,3,07-1983,M,,N,Normal
1,2018-02-20 00:00:00,2018-02-20 15:53:00,PVAS,POST VASECTOMY SEMEN, , ,PVCO,Comments,Preanalytical criteria was not met for this,600,General Practitioner,CAGVS,L82044,CAMBORNE GPP VEOR SURGERY,,,REF,Royal Cornwall Hospital,4,07-1983,M,,N,Normal
2,2018-02-13 00:00:00,2018-02-13 15:45:00,PVAS,POST VASECTOMY SEMEN, , ,PVNE,Number of ejaculations,>30,600,General Practitioner,CAGVS,L82044,CAMBORNE GPP VEOR SURGERY,,,REF,Royal Cornwall Hospital,5,07-1986,M,,N,Normal
3,2018-02-06 00:00:00,2018-02-06 11:50:00,PVAS,POST VASECTOMY SEMEN, , ,PVNE,Number of ejaculations,20,600,General Practitioner,HEGTW,L82018,HELSTON GPP HELSTON MED,,,REF,Royal Cornwall Hospital,6,06-1977,M,,N,Normal
3,2018-02-06 00:00:00,2018-02-06 11:50:00,PVAS,POST VASECTOMY SEMEN, , ,PVPA,Period of abstinence,3,600,General Practitioner,HEGTW,L82018,HELSTON GPP HELSTON MED,,,REF,Royal Cornwall Hospital,7,06-1970,M,,N,Normal
3,2018-02-06 00:00:00,2018-02-06 11:50:00,PVAS,POST VASECTOMY SEMEN, , ,PVSN,Sample number,NOT STATED,600,General Practitioner,HEGTW,L82018,HELSTON GPP HELSTON MED,,,REF,Royal Cornwall Hospital,8,06-1950,F,,N,Normal
3,2018-02-06 00:00:00,2018-02-06 11:50:00,PVAS,POST VASECTOMY SEMEN, , ,PVSN,Sample number,1,600,General Practitioner,HEGTW,L82018,HELSTON GPP HELSTON MED,,,REF,Royal Cornwall Hospital,9,04-1968,M,,N,Normal
3,2018-02-06 00:00:00,2018-02-06 11:50:00,UMAL,URINE MICROALBUMIN, , ,UCRM,Urine Creatinine,.,600,General Practitioner,PZGAT,L82021,PENZANCE GPP ALVERTON PRC,,,REF,Royal Cornwall Hospital,10,04-1968,M,,N,Normal
4,2018-02-10 00:00:00,2018-02-11 14:13:00,UMAL,URINE MICROALBUMIN, , ,UCRM,Urine Creatinine,4.1,600,General Practitioner,PZGAT,L82021,PENZANCE GPP ALVERTON PRC,,,REF,Royal Cornwall Hospital,11,04-1968,M,,N,Normal
5,2018-02-09 00:00:00,2018-02-09 16:23:00,UMAL,URINE MICROALBUMIN, , ,UMA,Urine Microalbumin,1.9,600,General Practitioner,RDGCR,L82024,REDRUTH GPP CLINTON ROAD,,,REF,Royal Cornwall Hospital,12,04-1968,M,,N,Normal
5,2018-02-09 00:00:00,2018-02-09 16:23:00,UMAL,URINE MICROALBUMIN, , ,UMA,Urine Microalbumin,1.9,600,General Practitioner,TRG18,L82028,TRURO GPP THREE SPIRES,,,REF,Royal Cornwall Hospital,13,11-1987,M,,N,Normal
6,2018-02-06 00:00:00,2018-02-06 09:08:00,UMAL,URINE MICROALBUMIN, , ,UMA,Urine Microalbumin,-,600,General Practitioner,TRG18,L82028,TRURO GPP THREE SPIRES,,,REF,Royal Cornwall Hospital,14,11-1987,M,,N,Normal
6,2018-02-06 00:00:00,2018-02-06 09:08:00,UMAL,URINE MICROALBUMIN, , ,UMCR,Microalbumin/creatinine ratio,0.2,600,General Practitioner,TRG18,L82028,TRURO GPP THREE SPIRES,,,REF,Royal Cornwall Hospital,15,01-1940,M,,N,Normal
7,2018-02-06 13:10:00,2018-02-06 16:58:00,UMAL,URINE MICROALBUMIN, , ,UMCR,Microalbumin/creatinine ratio,0.2,600,General Practitioner,TRG18,L82028,TRURO GPP THREE SPIRES,,,REF,Royal Cornwall Hospital,16,01-1940,M,,N,Normal
7,2018-02-06 13:10:00,2018-02-06 16:58:00,UMAL,URINE MICROALBUMIN, , ,UMCR,Microalbumin/creatinine ratio,0.5,600,General Practitioner,TRG18,L82028,TRURO GPP THREE SPIRES,,,REF,Royal Cornwall Hospital,17,01-1940,M,,N,Normal
8,2018-02-06 00:00:00,2018-02-06 11:04:00,UMAL,URINE MICROALBUMIN, , ,UMCR,Microalbumin/creatinine ratio,0.4,600,General Practitioner,TRG18,L82028,TRURO GPP THREE SPIRES,,,REF,Royal Cornwall Hospital,18,01-1940,F,,N,Normal
9,2018-02-10 08:45:00,2018-02-10 14:38:00,UPCR,URINE PROTEIN/CREATININE, , ,UP,Urine Protein,0.1,600,General Practitioner,TRG18,L82028,TRURO GPP THREE SPIRES,,,REF,Royal Cornwall Hospital,19,01-1940,M,,N,Normal
